"layout href","additional-label","style-scope","layout href 2","additional-label 2","style-scope 10","style-scope href 2","style-scope 11","style-scope 12","style-scope 13","style-scope 14","style-scope 15","style-scope 16","style-scope 17","style-scope 18","layout href 3","additional-label 3","style-scope 19"
"https://studio.youtube.com/channel/UClK1k38qk4QZ7RHnSSaAGRw/analytics/tab-research/period-default?pageType=TOPIC_PAGE&topic=is%20anti%20gravity%20possible","Medium volume","is anti gravity possible","https://studio.youtube.com/channel/UClK1k38qk4QZ7RHnSSaAGRw/analytics/tab-research/period-default?pageType=TOPIC_PAGE&topic=antigravity%20awesome%20skills","Low volume","antigravity awesome skills","[object Object]","This search is unsafe for any of the following reasons:","Sexual content","Violent or repulsive content","Hateful or abusive content","Harmful or dangerous acts","Spam or misleading","Child abuse","undefined (required)","https://studio.youtube.com/channel/UClK1k38qk4QZ7RHnSSaAGRw/analytics/tab-research/period-default?pageType=TOPIC_PAGE&topic=what%20is%20anti%20gravity","High volume","what is anti gravity"
"https://studio.youtube.com/channel/UClK1k38qk4QZ7RHnSSaAGRw/analytics/tab-research/period-default?pageType=TOPIC_PAGE&topic=how%20to%20make%20anti%20gravity","Medium volume","how to make anti gravity","https://studio.youtube.com/channel/UClK1k38qk4QZ7RHnSSaAGRw/analytics/tab-research/period-default?pageType=TOPIC_PAGE&topic=how%20does%20anti%20gravity%20work","Medium volume","how does anti gravity work","[object Object]","This search is unsafe for any of the following reasons:","Sexual content","Violent or repulsive content","Hateful or abusive content","Harmful or dangerous acts","Spam or misleading","Child abuse","undefined (required)","https://studio.youtube.com/channel/UClK1k38qk4QZ7RHnSSaAGRw/analytics/tab-research/period-default?pageType=TOPIC_PAGE&topic=anti%20gravity%20science%20project","Medium volume","anti gravity science project"
"https://studio.youtube.com/channel/UClK1k38qk4QZ7RHnSSaAGRw/analytics/tab-research/period-default?pageType=TOPIC_PAGE&topic=anti%20gravity%20propulsion%20system","Medium volume","anti gravity propulsion system","https://studio.youtube.com/channel/UClK1k38qk4QZ7RHnSSaAGRw/analytics/tab-research/period-default?pageType=TOPIC_PAGE&topic=how%20to%20antigravity","Medium volume","how to antigravity","[object Object]","This search is unsafe for any of the following reasons:","Sexual content","Violent or repulsive content","Hateful or abusive content","Harmful or dangerous acts","Spam or misleading","Child abuse","undefined (required)","https://studio.youtube.com/channel/UClK1k38qk4QZ7RHnSSaAGRw/analytics/tab-research/period-default?pageType=TOPIC_PAGE&topic=anti%20gravity%20theory","Medium volume","anti gravity theory"
"https://studio.youtube.com/channel/UClK1k38qk4QZ7RHnSSaAGRw/analytics/tab-research/period-default?pageType=TOPIC_PAGE&topic=anti%20gravity%20setting","Low volume","anti gravity setting","https://studio.youtube.com/channel/UClK1k38qk4QZ7RHnSSaAGRw/analytics/tab-research/period-default?pageType=TOPIC_PAGE&topic=gravity%20in%20the%20solar%20system","Medium volume","gravity in the solar system","[object Object]","This search is unsafe for any of the following reasons:","Sexual content","Violent or repulsive content","Hateful or abusive content","Harmful or dangerous acts","Spam or misleading","Child abuse","undefined (required)","https://studio.youtube.com/channel/UClK1k38qk4QZ7RHnSSaAGRw/analytics/tab-research/period-default?pageType=TOPIC_PAGE&topic=setting%20up%20anti%20gravity","Medium volume","setting up anti gravity"
"https://studio.youtube.com/channel/UClK1k38qk4QZ7RHnSSaAGRw/analytics/tab-research/period-default?pageType=TOPIC_PAGE&topic=google%20anti%20gravity","High volume","google anti gravity","https://studio.youtube.com/channel/UClK1k38qk4QZ7RHnSSaAGRw/analytics/tab-research/period-default?pageType=TOPIC_PAGE&topic=anti%20gravity%20physics%20model","Medium volume","anti gravity physics model","[object Object]","This search is unsafe for any of the following reasons:","Sexual content","Violent or repulsive content","Hateful or abusive content","Harmful or dangerous acts","Spam or misleading","Child abuse","undefined (required)","https://studio.youtube.com/channel/UClK1k38qk4QZ7RHnSSaAGRw/analytics/tab-research/period-default?pageType=TOPIC_PAGE&topic=anti%20gravity%20training","Low volume","anti gravity training"
"https://studio.youtube.com/channel/UClK1k38qk4QZ7RHnSSaAGRw/analytics/tab-research/period-default?pageType=TOPIC_PAGE&topic=anti%20gravity%20spacecraft","Low volume","anti gravity spacecraft","https://studio.youtube.com/channel/UClK1k38qk4QZ7RHnSSaAGRw/analytics/tab-research/period-default?pageType=TOPIC_PAGE&topic=anti%20gravity%20how%20to%20use","Medium volume","anti gravity how to use","[object Object]","This search is unsafe for any of the following reasons:","Sexual content","Violent or repulsive content","Hateful or abusive content","Harmful or dangerous acts","Spam or misleading","Child abuse","undefined (required)","https://studio.youtube.com/channel/UClK1k38qk4QZ7RHnSSaAGRw/analytics/tab-research/period-default?pageType=TOPIC_PAGE&topic=learn%20to%20use%20anti%20gravity","Low volume","learn to use anti gravity"
"https://studio.youtube.com/channel/UClK1k38qk4QZ7RHnSSaAGRw/analytics/tab-research/period-default?pageType=TOPIC_PAGE&topic=anti%20gravity%20illusion","Medium volume","anti gravity illusion","https://studio.youtube.com/channel/UClK1k38qk4QZ7RHnSSaAGRw/analytics/tab-research/period-default?pageType=TOPIC_PAGE&topic=anti%20gravity%20physics","Low volume","anti gravity physics","[object Object]","This search is unsafe for any of the following reasons:","Sexual content","Violent or repulsive content","Hateful or abusive content","Harmful or dangerous acts","Spam or misleading","Child abuse","undefined (required)","https://studio.youtube.com/channel/UClK1k38qk4QZ7RHnSSaAGRw/analytics/tab-research/period-default?pageType=TOPIC_PAGE&topic=anti%20gravity%20example","Low volume","anti gravity example"
"https://studio.youtube.com/channel/UClK1k38qk4QZ7RHnSSaAGRw/analytics/tab-research/period-default?pageType=TOPIC_PAGE&topic=anti%20gravity%20device","Medium volume","anti gravity device","https://studio.youtube.com/channel/UClK1k38qk4QZ7RHnSSaAGRw/analytics/tab-research/period-default?pageType=TOPIC_PAGE&topic=radical%20new%20theory%20of%20gravity","Low volume","radical new theory of gravity","[object Object]","This search is unsafe for any of the following reasons:","Sexual content","Violent or repulsive content","Hateful or abusive content","Harmful or dangerous acts","Spam or misleading","Child abuse","undefined (required)","https://studio.youtube.com/channel/UClK1k38qk4QZ7RHnSSaAGRw/analytics/tab-research/period-default?pageType=TOPIC_PAGE&topic=about%20anti%20gravity","Medium volume","about anti gravity"
"https://studio.youtube.com/channel/UClK1k38qk4QZ7RHnSSaAGRw/analytics/tab-research/period-default?pageType=TOPIC_PAGE&topic=einstein%20theory%20of%20gravity","Medium volume","einstein theory of gravity","https://studio.youtube.com/channel/UClK1k38qk4QZ7RHnSSaAGRw/analytics/tab-research/period-default?pageType=TOPIC_PAGE&topic=gravity%20definition","Medium volume","gravity definition","[object Object]","This search is unsafe for any of the following reasons:","Sexual content","Violent or repulsive content","Hateful or abusive content","Harmful or dangerous acts","Spam or misleading","Child abuse","undefined (required)","https://studio.youtube.com/channel/UClK1k38qk4QZ7RHnSSaAGRw/analytics/tab-research/period-default?pageType=TOPIC_PAGE&topic=best%20way%20to%20use%20anti%20gravity","Medium volume","best way to use anti gravity"
"https://studio.youtube.com/channel/UClK1k38qk4QZ7RHnSSaAGRw/analytics/tab-research/period-default?pageType=TOPIC_PAGE&topic=anti%20gravity%20research","Medium volume","anti gravity research","https://studio.youtube.com/channel/UClK1k38qk4QZ7RHnSSaAGRw/analytics/tab-research/period-default?pageType=TOPIC_PAGE&topic=the%20problem%20with%20gravity","Low volume","the problem with gravity","[object Object]","This search is unsafe for any of the following reasons:","Sexual content","Violent or repulsive content","Hateful or abusive content","Harmful or dangerous acts","Spam or misleading","Child abuse","undefined (required)","https://studio.youtube.com/channel/UClK1k38qk4QZ7RHnSSaAGRw/analytics/tab-research/period-default?pageType=TOPIC_PAGE&topic=google%20anti%20gravity%20limit","Medium volume","google anti gravity limit"
"https://studio.youtube.com/channel/UClK1k38qk4QZ7RHnSSaAGRw/analytics/tab-research/period-default?pageType=TOPIC_PAGE&topic=google%20antigravity%20uses","Low volume","google antigravity uses","https://studio.youtube.com/channel/UClK1k38qk4QZ7RHnSSaAGRw/analytics/tab-research/period-default?pageType=TOPIC_PAGE&topic=gravity%20official%20trailer","Low volume","gravity official trailer","[object Object]","This search is unsafe for any of the following reasons:","Sexual content","Violent or repulsive content","Hateful or abusive content","Harmful or dangerous acts","Spam or misleading","Child abuse","undefined (required)","https://studio.youtube.com/channel/UClK1k38qk4QZ7RHnSSaAGRw/analytics/tab-research/period-default?pageType=TOPIC_PAGE&topic=earth%20looses%20gravity","Medium volume","earth looses gravity"
"https://studio.youtube.com/channel/UClK1k38qk4QZ7RHnSSaAGRw/analytics/tab-research/period-default?pageType=TOPIC_PAGE&topic=understanding%20gravity","Medium volume","understanding gravity","https://studio.youtube.com/channel/UClK1k38qk4QZ7RHnSSaAGRw/analytics/tab-research/period-default?pageType=TOPIC_PAGE&topic=earth%20gravity%20explained","Medium volume","earth gravity explained","[object Object]","This search is unsafe for any of the following reasons:","Sexual content","Violent or repulsive content","Hateful or abusive content","Harmful or dangerous acts","Spam or misleading","Child abuse","undefined (required)","https://studio.youtube.com/channel/UClK1k38qk4QZ7RHnSSaAGRw/analytics/tab-research/period-default?pageType=TOPIC_PAGE&topic=anti%20gravity%20science","Low volume","anti gravity science"
"https://studio.youtube.com/channel/UClK1k38qk4QZ7RHnSSaAGRw/analytics/tab-research/period-default?pageType=TOPIC_PAGE&topic=silent%20theory%20gravity","Low volume","silent theory gravity","https://studio.youtube.com/channel/UClK1k38qk4QZ7RHnSSaAGRw/analytics/tab-research/period-default?pageType=TOPIC_PAGE&topic=anti%20gravity%20flying%20machine","Low volume","anti gravity flying machine","[object Object]","This search is unsafe for any of the following reasons:","Sexual content","Violent or repulsive content","Hateful or abusive content","Harmful or dangerous acts","Spam or misleading","Child abuse","undefined (required)","https://studio.youtube.com/channel/UClK1k38qk4QZ7RHnSSaAGRw/analytics/tab-research/period-default?pageType=TOPIC_PAGE&topic=gravity%20fabric%20demonstration","Medium volume","gravity fabric demonstration"
"https://studio.youtube.com/channel/UClK1k38qk4QZ7RHnSSaAGRw/analytics/tab-research/period-default?pageType=TOPIC_PAGE&topic=why%20is%20gravity%20a%20theory","Low volume","why is gravity a theory","","","","","","","","","","","","","","",""