"layout href","additional-label","style-scope","layout href 2","additional-label 2","style-scope 10","layout href 3","additional-label 3","style-scope 19"
"https://studio.youtube.com/channel/UClK1k38qk4QZ7RHnSSaAGRw/analytics/tab-research/period-default?pageType=TOPIC_PAGE&topic=gemini%203.0%20pro%20video%20generator","Medium volume","gemini 3.0 pro video generator","https://studio.youtube.com/channel/UClK1k38qk4QZ7RHnSSaAGRw/analytics/tab-research/period-default?pageType=TOPIC_PAGE&topic=how%20to%20delete%20gemini%20memory","Medium volume","how to delete gemini memory","https://studio.youtube.com/channel/UClK1k38qk4QZ7RHnSSaAGRw/analytics/tab-research/period-default?pageType=TOPIC_PAGE&topic=gemini%20pro%20image%20generation","Medium volume","gemini pro image generation"
"https://studio.youtube.com/channel/UClK1k38qk4QZ7RHnSSaAGRw/analytics/tab-research/period-default?pageType=TOPIC_PAGE&topic=introduction%20to%20gemini%203","Medium volume","introduction to gemini 3","https://studio.youtube.com/channel/UClK1k38qk4QZ7RHnSSaAGRw/analytics/tab-research/period-default?pageType=TOPIC_PAGE&topic=gemini%203%20game%20creation","Low volume","gemini 3 game creation","https://studio.youtube.com/channel/UClK1k38qk4QZ7RHnSSaAGRw/analytics/tab-research/period-default?pageType=TOPIC_PAGE&topic=gemini%20app%20development","Medium volume","gemini app development"
"https://studio.youtube.com/channel/UClK1k38qk4QZ7RHnSSaAGRw/analytics/tab-research/period-default?pageType=TOPIC_PAGE&topic=gemini%203.0%20pro%20video","Low volume","gemini 3.0 pro video","https://studio.youtube.com/channel/UClK1k38qk4QZ7RHnSSaAGRw/analytics/tab-research/period-default?pageType=TOPIC_PAGE&topic=gemini%20prompt%20for%20grandfather","Low volume","gemini prompt for grandfather","https://studio.youtube.com/channel/UClK1k38qk4QZ7RHnSSaAGRw/analytics/tab-research/period-default?pageType=TOPIC_PAGE&topic=how%20to%20create%20model%20in%20gemini","Medium volume","how to create model in gemini"
"https://studio.youtube.com/channel/UClK1k38qk4QZ7RHnSSaAGRw/analytics/tab-research/period-default?pageType=TOPIC_PAGE&topic=gemini%203%20video%20generation","Medium volume","gemini 3 video generation","https://studio.youtube.com/channel/UClK1k38qk4QZ7RHnSSaAGRw/analytics/tab-research/period-default?pageType=TOPIC_PAGE&topic=gemini%20product%20video","Medium volume","gemini product video","https://studio.youtube.com/channel/UClK1k38qk4QZ7RHnSSaAGRw/analytics/tab-research/period-default?pageType=TOPIC_PAGE&topic=apple%20intelligence%20gemini","Medium volume","apple intelligence gemini"
"https://studio.youtube.com/channel/UClK1k38qk4QZ7RHnSSaAGRw/analytics/tab-research/period-default?pageType=TOPIC_PAGE&topic=gemini%20prompt%20for%20three%20friends","Medium volume","gemini prompt for three friends","https://studio.youtube.com/channel/UClK1k38qk4QZ7RHnSSaAGRw/analytics/tab-research/period-default?pageType=TOPIC_PAGE&topic=gemini%20official%20trailer","Low volume","gemini official trailer","https://studio.youtube.com/channel/UClK1k38qk4QZ7RHnSSaAGRw/analytics/tab-research/period-default?pageType=TOPIC_PAGE&topic=gemini%20mobile%20app","Medium volume","gemini mobile app"
"https://studio.youtube.com/channel/UClK1k38qk4QZ7RHnSSaAGRw/analytics/tab-research/period-default?pageType=TOPIC_PAGE&topic=gemini%20original%20prompt","Low volume","gemini original prompt","https://studio.youtube.com/channel/UClK1k38qk4QZ7RHnSSaAGRw/analytics/tab-research/period-default?pageType=TOPIC_PAGE&topic=gemini%20video%20generation","High volume","gemini video generation","https://studio.youtube.com/channel/UClK1k38qk4QZ7RHnSSaAGRw/analytics/tab-research/period-default?pageType=TOPIC_PAGE&topic=gemini%203.1%20video","Low volume","gemini 3.1 video"
"https://studio.youtube.com/channel/UClK1k38qk4QZ7RHnSSaAGRw/analytics/tab-research/period-default?pageType=TOPIC_PAGE&topic=gemini%20animation%20video","Medium volume","gemini animation video","https://studio.youtube.com/channel/UClK1k38qk4QZ7RHnSSaAGRw/analytics/tab-research/period-default?pageType=TOPIC_PAGE&topic=gemini%20studio%20video","Low volume","gemini studio video","https://studio.youtube.com/channel/UClK1k38qk4QZ7RHnSSaAGRw/analytics/tab-research/period-default?pageType=TOPIC_PAGE&topic=google%20gemini%20ad%20video","Low volume","google gemini ad video"
"https://studio.youtube.com/channel/UClK1k38qk4QZ7RHnSSaAGRw/analytics/tab-research/period-default?pageType=TOPIC_PAGE&topic=linear%20algebra%203.1","Low volume","linear algebra 3.1","https://studio.youtube.com/channel/UClK1k38qk4QZ7RHnSSaAGRw/analytics/tab-research/period-default?pageType=TOPIC_PAGE&topic=original%20gemini%20app","Medium volume","original gemini app","https://studio.youtube.com/channel/UClK1k38qk4QZ7RHnSSaAGRw/analytics/tab-research/period-default?pageType=TOPIC_PAGE&topic=gemini%20ai%20youtube","Low volume","gemini ai youtube"
"https://studio.youtube.com/channel/UClK1k38qk4QZ7RHnSSaAGRw/analytics/tab-research/period-default?pageType=TOPIC_PAGE&topic=how%20to%20deactivate%20gemini","Low volume","how to deactivate gemini","https://studio.youtube.com/channel/UClK1k38qk4QZ7RHnSSaAGRw/analytics/tab-research/period-default?pageType=TOPIC_PAGE&topic=gemini%20app%20videos","Medium volume","gemini app videos","https://studio.youtube.com/channel/UClK1k38qk4QZ7RHnSSaAGRw/analytics/tab-research/period-default?pageType=TOPIC_PAGE&topic=google%20gemini%20deactivate","Low volume","google gemini deactivate"
"https://studio.youtube.com/channel/UClK1k38qk4QZ7RHnSSaAGRw/analytics/tab-research/period-default?pageType=TOPIC_PAGE&topic=ap%20precalculus%203.1","Medium volume","ap precalculus 3.1","https://studio.youtube.com/channel/UClK1k38qk4QZ7RHnSSaAGRw/analytics/tab-research/period-default?pageType=TOPIC_PAGE&topic=gemini%203%20ai%20game","Low volume","gemini 3 ai game","https://studio.youtube.com/channel/UClK1k38qk4QZ7RHnSSaAGRw/analytics/tab-research/period-default?pageType=TOPIC_PAGE&topic=gemini%20generated%20video","Low volume","gemini generated video"